Date,Open,High,Low,Close,Adj Close,Volume
8/21/00,31.950001,32.799999,31.32,32.049999,32.049999,196964
8/28/00,32.040001,33.700001,31.860001,33.380001,33.380001,277879
9/4/00,33.950001,35.5,33.400002,33.700001,33.700001,292934
9/11/00,33.799999,36.099998,33.119999,35.849998,35.849998,471966
9/18/00,36.200001,37.799999,32.5,32.650002,32.650002,437408
9/25/00,31.4,32.419998,30.15,30.860001,30.860001,393711
10/2/00,31.450001,32.349998,30.17,30.85,30.85,310131
10/9/00,31.549999,37,31.23,35.049999,35.049999,325381
10/16/00,34.400002,34.799999,32.400002,34.299999,34.299999,322214
10/23/00,33,34.099998,32.599998,32.700001,32.700001,314820
10/30/00,32.75,33.75,32.099998,32.599998,32.599998,310272
11/6/00,32.400002,34.150002,32.099998,34.09,34.09,311887
11/13/00,34.150002,35.849998,33.919998,35.599998,35.599998,357547
11/20/00,35.5,35.849998,34.669998,35.400002,35.400002,114018
11/27/00,35.25,35.759998,31.799999,32.049999,32.049999,378860
12/4/00,32.380001,33.110001,27.85,28.5,28.5,412024
12/11/00,29,30,27.51,28.85,28.85,332951
12/18/00,29.549999,29.9,25.5,26.18,26.18,275041
12/25/00,26.200001,27.02,25.75,26.799999,26.799999,128420
1/1/01,27.25,28.799999,26.6,28,28,257184
1/8/01,28.200001,30.200001,26.9,30.049999,30.049999,353371
1/15/01,30.1,32.400002,29,32.099998,32.099998,229617
1/22/01,31.950001,32.700001,28.639999,29.780001,29.780001,372589
1/29/01,30.15,31.299999,28.25,31.25,31.25,361646
2/5/01,31.049999,31.879999,30,31.049999,31.049999,334662
2/12/01,30.700001,31.049999,28.549999,29.16,29.16,317409
2/19/01,29.5,29.530001,28.299999,29,29,275272
2/26/01,28.76,28.940001,27.15,27.84,27.84,364684
3/5/01,28.25,29.15,27.799999,27.799999,27.799999,325325
3/12/01,27.799999,28.24,26.1,26.700001,26.700001,262625
3/19/01,26.5,27.450001,25.700001,27.299999,27.299999,364773
3/26/01,27.4,28.040001,25.75,26.4,26.4,384502
4/2/01,26.35,27.780001,25.49,27.059999,27.059999,333838
4/9/01,27.129999,28.84,27.01,28.25,28.25,268996
4/16/01,28.299999,29.040001,26.799999,27.280001,27.280001,311261
4/23/01,27.85,28.65,26.75,28.27,28.27,337162
4/30/01,28.6,28.99,27.370001,28.360001,28.360001,285398
5/7/01,28.450001,28.85,27.049999,28.549999,28.549999,312551
5/14/01,28.700001,29.99,28.08,29.91,29.91,259300
5/21/01,30.15,30.200001,28.1,28.379999,28.379999,166867
5/28/01,28.700001,29.049999,27.549999,27.93,27.93,300728
6/4/01,28.549999,28.74,27.25,28.4,28.4,342795
6/11/01,28.75,29.629999,28.4,28.51,28.51,348141
6/18/01,28.299999,28.540001,25.85,26.83,26.83,407322
6/25/01,26.950001,27.49,25.1,26.25,26.25,406525
7/2/01,26.450001,28.290001,25.379999,28.209999,28.209999,229488
7/9/01,27.85,28.26,25.940001,26.59,26.59,389402
7/16/01,26.299999,26.58,24.540001,25.59,25.59,363188
7/23/01,26.299999,27.15,25.870001,27.02,27.02,324567
7/30/01,26.950001,27.9,26.309999,27.620001,27.620001,302332
8/6/01,27.6,28.42,27.379999,28.049999,28.049999,291925
8/13/01,28.17,28.25,26.549999,26.629999,26.629999,314004
8/20/01,26.65,28.1,26.280001,26.9,26.9,386161
8/27/01,27.049999,27.6,26.440001,27.200001,27.200001,263541
9/3/01,27.049999,28.15,26.76,28.030001,28.030001,302462
9/10/01,27.75,29.98,27.57,29.530001,29.530001,0
9/17/01,27,29.25,25.799999,25.969999,25.969999,303401
9/24/01,23.9,24,20.299999,23.43,23.43,320215
10/1/01,22.799999,23.4,21.719999,22.389999,22.389999,267817
10/8/01,22.299999,23.98,21.950001,22.5,22.5,303203
10/15/01,22.6,22.690001,21.049999,21.83,21.83,270520
10/22/01,21.799999,22.6,21.41,22.049999,22.049999,324883
10/29/01,22.5,22.549999,19.690001,20.18,20.18,306972
11/5/01,20.34,22.4,19.559999,22.219999,22.219999,361435
11/12/01,21.450001,21.969999,17.15,18.030001,18.030001,455945
11/19/01,17.15,19.450001,16.700001,18.959999,18.959999,233359
11/26/01,18.799999,19.799999,17.67,19.440001,19.440001,366999
12/3/01,19.4,20.5,17.92,19.040001,19.040001,383862
12/10/01,18.68,19.25,17.799999,19.290001,19.290001,359116
12/17/01,19.200001,20.18,19.07,19.620001,19.620001,319641
12/24/01,19.799999,21.43,19.700001,20.41,20.41,169232
12/31/01,20.299999,21.700001,19.66,21.620001,21.620001,254805
1/7/02,21.5,22,19.370001,19.68,19.68,357623
1/14/02,19.35,19.48,17.799999,18,18,358883
1/21/02,18.049999,20.17,18,20,20,336580
1/28/02,20.059999,20.549999,18.559999,20.4,20.4,432850
2/4/02,20.34,20.360001,19.27,20.25,20.25,342411
2/11/02,20.27,21.75,19.959999,21.5,21.5,398757
2/18/02,21.219999,21.299999,20.15,21.08,21.08,287854
2/25/02,21,22.799999,20.370001,22.360001,22.360001,470170
3/4/02,22.43,24.75,22.129999,23.85,23.85,460980
3/11/02,23.870001,24.75,23.65,24.48,24.48,391635
3/18/02,24.4,25.85,24.110001,25.26,25.26,370178
3/25/02,25.35,26.379999,24.700001,26.23,26.23,296142
4/1/02,26.459999,28.35,25.049999,26.219999,26.219999,493035
4/8/02,26.4,27.23,23.309999,23.450001,23.450001,453156
4/15/02,24.25,26.65,23.6,26.4,26.4,330448
4/22/02,26.4,27.200001,25.780001,27.15,27.15,405441
4/29/02,26.92,27.639999,25.549999,26.719999,26.719999,441463
5/6/02,26.309999,28.27,25.620001,27.879999,27.879999,480649
5/13/02,27.75,29.540001,27.1,28.200001,28.200001,411552
5/20/02,28.200001,28.540001,25.450001,25.879999,25.879999,446341
5/27/02,25.6,25.83,24.4,25.35,25.35,342708
6/3/02,25.26,25.469999,24.200001,24.73,24.73,240750
6/10/02,24.6,26.030001,23.799999,25.870001,25.870001,397730
6/17/02,26.120001,26.5,25.1,25.75,25.75,392821
6/24/02,25.700001,27.049999,25.700001,26.860001,26.860001,449470
7/1/02,26.799999,27.15,26.379999,26.799999,26.799999,171363
7/8/02,26.25,27.5,25.73,27.469999,27.469999,406860
7/15/02,27.4,28.1,26.9,27.83,27.83,369809
7/22/02,27.219999,27.75,25.950001,26.540001,26.540001,509166
7/29/02,26.42,27.67,26,26.84,26.84,397292
8/5/02,26.48,27.379999,26.25,26.860001,26.860001,357498
8/12/02,26.58,29.450001,26.48,29.33,29.33,446917
8/19/02,29.42,30.32,28.34,28.73,28.73,424791
8/26/02,28.65,29.65,28.15,28.98,28.98,410497
9/2/02,28.690001,30.190001,27.620001,29.610001,29.610001,287859
9/9/02,29.450001,30.200001,28.639999,29.809999,29.809999,419300
9/16/02,29.6,30.15,28.24,29.84,29.84,368847
9/23/02,30.200001,31.389999,30,30.540001,30.540001,415684
9/30/02,30.5,31.18,29.35,29.620001,29.620001,458149
10/7/02,29.83,30.1,28.52,29.370001,29.370001,391055
10/14/02,29.200001,30.200001,28.559999,29.6,29.6,322381
10/21/02,29.049999,29.5,26.9,27.049999,27.049999,490539
10/28/02,27.08,27.559999,26.530001,27.129999,27.129999,442193
11/4/02,26.799999,27.4,25.16,25.780001,25.780001,515360
11/11/02,25.950001,26.5,24.82,25.51,25.51,451018
11/18/02,25.75,27.25,25.52,26.76,26.76,352889
11/25/02,26.68,26.959999,26.08,26.889999,26.889999,214307
12/2/02,26.82,27.65,26.57,26.93,26.93,443769
12/9/02,27.299999,28.65,26.75,28.440001,28.440001,480626
12/16/02,29,31.25,28.9,30.299999,30.299999,440586
12/23/02,30.799999,32.799999,30.76,32.720001,32.720001,206411
12/30/02,32.75,33.650002,30.049999,33.080002,33.080002,271642
1/6/03,32.650002,32.849998,29.75,31.68,31.68,540840
1/13/03,31.379999,34,31.129999,33.91,33.91,461787
1/20/03,33.549999,35.200001,31.9,33.279999,33.279999,411594
1/27/03,32.950001,34,32.16,33.509998,33.509998,397979
2/3/03,33.330002,35.25,32.650002,35.119999,35.119999,429663
2/10/03,35.009998,36.900002,34.299999,36.799999,36.799999,480585
2/17/03,36.279999,37.549999,34.5,35.580002,35.580002,296566
2/24/03,35.799999,39.990002,35.040001,36.599998,36.599998,559199
3/3/03,35.849998,37.84,35.349998,37.779999,37.779999,376218
3/10/03,37.630001,37.950001,33.849998,35.380001,35.380001,449020
3/17/03,35.900002,36.400002,26.299999,26.91,26.91,446709
3/24/03,27.9,30.85,27.6,30.16,30.16,375303
3/31/03,30.24,31.5,27.92,28.620001,28.620001,294776
4/7/03,27.799999,28.950001,27.02,28.139999,28.139999,348786
4/14/03,27.75,30.700001,27.370001,30.549999,30.549999,258288
4/21/03,30.35,31.25,25.5,26.26,26.26,414316
4/28/03,26.200001,26.68,25.040001,25.67,25.67,387085
5/5/03,25.700001,27.950001,25.23,27.719999,27.719999,434912
5/12/03,27.59,29.48,27.219999,29.139999,29.139999,413194
5/19/03,29.16,29.6,28.379999,29.16,29.16,384049
5/26/03,29.16,29.65,28.27,29.559999,29.559999,297349
6/2/03,29.49,31.33,29.49,31.280001,31.280001,399855
6/9/03,31.280001,32.5,29.85,30.65,30.65,407002
6/16/03,30.5,31.35,29.700001,30.82,30.82,338744
6/23/03,29.530001,30.049999,28.530001,29.27,29.27,364146
6/30/03,29.299999,30.98,29.1,30.42,30.42,272414
7/7/03,30,31.75,29.52,31.280001,31.280001,391913
7/14/03,31.280001,32.049999,30.65,31.959999,31.959999,369358
7/21/03,31.6,31.83,29.17,30.17,30.17,397331
7/28/03,29.969999,32.400002,29.6,32.310001,32.310001,374610
8/4/03,32.150002,32.849998,31.450001,32.18,32.18,450049
8/11/03,32.139999,32.349998,30.1,31.049999,31.049999,466455
8/18/03,31.309999,32.400002,30.360001,31.84,31.84,382427
8/25/03,32.049999,32.299999,31.1,31.57,31.57,360928
9/1/03,31.280001,31.4,28.51,28.879999,28.879999,429763
9/8/03,28.93,29.52,27.85,28.27,28.27,404940
9/15/03,28.299999,28.450001,26.65,27.030001,27.030001,322411
9/22/03,27.1,28.65,26.75,28.16,28.16,376671
9/29/03,28.24,30.440001,28.24,30.4,30.4,389082
10/6/03,30.559999,32.599998,29.450001,31.969999,31.969999,425984
10/13/03,31.969999,32.490002,29.9,30.68,30.68,291307
10/20/03,30.67,30.780001,29.4,30.16,30.16,393239
10/27/03,29.9,30.32,28.26,29.110001,29.110001,429303
11/3/03,29.23,31.139999,28.469999,30.85,30.85,441401
11/10/03,31.139999,32.5,30.629999,32.369999,32.369999,417760
11/17/03,32.369999,33.549999,31.379999,31.610001,31.610001,445329
11/24/03,31.469999,31.469999,29.299999,30.41,30.41,328378
12/1/03,30.26,31.65,29.66,30.73,30.73,418331
12/8/03,30.66,33.200001,30.629999,33.040001,33.040001,467984
12/15/03,32.040001,33.93,31.74,33.02,33.02,344077
12/22/03,32.900002,33,31.25,32.860001,32.860001,201474
12/29/03,32.75,33.200001,32.099998,32.52,32.52,167142
1/5/04,32.400002,34.700001,32.27,34.310001,34.310001,488180
1/12/04,34.349998,35.41,33.27,35.07,35.07,508871
1/19/04,34.919998,36.369999,33.75,34.939999,34.939999,433812
1/26/04,34.790001,34.98,32.41,33.049999,33.049999,472224
2/2/04,33.200001,35.189999,32.200001,32.48,32.48,514645
2/9/04,32.349998,34.650002,32.25,34.560001,34.560001,447758
2/16/04,34.48,36.099998,34.25,35.599998,35.599998,331214
2/23/04,34.27,36.25,34.029999,36.16,36.16,403436
3/1/04,36.16,37.450001,35.41,37.259998,37.259998,411072
3/8/04,37.259998,37.509998,35.150002,36.189999,36.189999,477474
3/15/04,36.150002,38.5,35.849998,38.080002,38.080002,391272
3/22/04,38.09,38.09,34.75,35.73,35.73,478186
3/29/04,35.68,36.77,33.299999,34.389999,34.389999,515294
4/5/04,34.200001,37.299999,33.93,37.139999,37.139999,354533
4/12/04,37.240002,37.950001,36.25,37.740002,37.740002,504940
4/19/04,37.650002,38.299999,35.349998,36.459999,36.459999,498810
4/26/04,36.75,38.18,36.549999,37.380001,37.380001,429745
5/3/04,37.389999,40,37.25,39.93,39.93,435730
5/10/04,39.84,41.560001,38.279999,41.380001,41.380001,505402
5/17/04,41.279999,41.849998,39.650002,39.93,39.93,466516
5/24/04,40,41.830002,39,39.880001,39.880001,541919
5/31/04,40.400002,42.450001,38.150002,38.490002,38.490002,548280
6/7/04,38.439999,39.139999,36.450001,38.450001,38.450001,445557
6/14/04,38.27,38.830002,36.900002,38.75,38.75,348563
6/21/04,38.650002,39.049999,37.099998,37.549999,37.549999,374097
6/28/04,37.290001,39.099998,35.52,38.389999,38.389999,502633
7/5/04,38.790001,40.450001,38.75,39.959999,39.959999,352955
7/12/04,39.759998,41.799999,38.98,41.25,41.25,441891
7/19/04,41.189999,42.299999,40.25,41.709999,41.709999,421399
7/26/04,41.75,43.849998,41.049999,43.799999,43.799999,389146
8/2/04,43.689999,44.77,42.619999,43.950001,43.950001,498696
8/9/04,43.810001,46.650002,43.299999,46.580002,46.580002,552700
8/16/04,46.599998,49.400002,45.630001,47.860001,47.860001,525316
8/23/04,46.810001,47.220001,42.5,43.18,43.18,533009
8/30/04,43.310001,45.369999,41.299999,43.990002,43.990002,453781
9/6/04,43.57,45.09,42.400002,42.810001,42.810001,404252
9/13/04,43.130001,45.799999,42.75,45.59,45.59,519883
9/20/04,45.59,49,45.299999,48.880001,48.880001,519710
9/27/04,48.75,50.470001,48.400002,50.119999,50.119999,458100
10/4/04,49.900002,53.400002,49.439999,53.310001,53.310001,470164
10/11/04,53.189999,55,51.490002,54.93,54.93,562874
10/18/04,54.799999,55.5,52.59,55.169998,55.169998,438601
10/25/04,55.049999,55.669998,50.470001,51.759998,51.759998,608264
11/1/04,51.82,52.5,48.299999,49.610001,49.610001,596453
11/8/04,49.599998,49.599998,46.959999,47.32,47.32,504019
11/15/04,47.110001,48.900002,45.25,48.439999,48.439999,479474
11/22/04,48.799999,50.25,47.799999,49.439999,49.439999,182037
11/29/04,49.400002,50.400002,42.049999,42.540001,42.540001,573069
12/6/04,42.5,43.599998,40.25,40.709999,40.709999,536502
12/13/04,40.900002,46.349998,40.25,46.279999,46.279999,434123
12/20/04,46.200001,46.200001,43.650002,44.18,44.18,257928
12/27/04,43.869999,43.869999,41,43.450001,43.450001,256535
1/3/05,43.099998,46.099998,41.25,45.43,45.43,483296
1/10/05,45.599998,48.650002,44.950001,48.380001,48.380001,528432
1/17/05,48.599998,49.5,46.400002,48.529999,48.529999,379833
1/24/05,48.880001,49.75,46.700001,47.18,47.18,469107
1/31/05,46.68,48.25,45.75,46.48,46.48,422216
2/7/05,46.32,47.48,44.599998,47.16,47.16,534432
2/14/05,47.049999,48.650002,46.599998,48.349998,48.349998,348602
2/21/05,48.369999,52.049999,48.369999,51.490002,51.490002,411083
2/28/05,51.799999,55.200001,50.650002,53.779999,53.779999,507548
3/7/05,53.560001,55.650002,52.5,54.43,54.43,539680
3/14/05,54.450001,57.599998,52.25,56.720001,56.720001,399603
3/21/05,56.68,57.580002,53.099998,54.84,54.84,442081
3/28/05,54.439999,57.700001,52.5,57.27,57.27,482841
4/4/05,57.150002,58.279999,52.700001,53.32,53.32,522295
4/11/05,53.259998,54.049999,49.75,50.490002,50.490002,572731
4/18/05,50.43,55.900002,49.66,55.389999,55.389999,464296
4/25/05,55.150002,56,49.5,49.720001,49.720001,524379
5/2/05,49.279999,52.23,48.799999,50.959999,50.959999,569860
5/9/05,51.279999,53.099998,47.75,48.669998,48.669998,558245
5/16/05,48.669998,49.349998,46.200001,46.799999,46.799999,437250
5/23/05,48.25,52,48.049999,51.849998,51.849998,473239
5/30/05,51.98,55.400002,50.900002,55.029999,55.029999,424281
6/6/05,55.200001,55.549999,52.220001,53.540001,53.540001,532188
6/13/05,53.43,58.599998,53.049999,58.470001,58.470001,451885
6/20/05,58.509998,60.25,57.849998,59.84,59.84,456312
6/27/05,59.900002,60.950001,55.900002,58.75,58.75,627507
7/4/05,58.889999,62.099998,57.200001,59.630001,59.630001,449606
7/11/05,59.400002,61.299999,57.25,58.09,58.09,587901
7/18/05,58,58.98,56.099998,58.650002,58.650002,497194
7/25/05,58.75,61.049999,57.650002,60.57,60.57,442987
8/1/05,60.509998,62.5,60.509998,62.310001,62.310001,484311
8/8/05,62.310001,67.099998,62.209999,66.860001,66.860001,615953
8/15/05,66.849998,67,62.25,65.349998,65.349998,462291
8/22/05,65.400002,68,64.650002,66.129997,66.129997,453272
8/29/05,68.599998,70.849998,66.300003,67.57,67.57,678358
9/5/05,66.599998,67.559998,63.099998,64.080002,64.080002,457288
9/12/05,64.150002,65.660004,62.549999,63,63,537308
9/19/05,63.389999,68.269997,63.200001,64.190002,64.190002,517752
9/26/05,63.41,67.400002,62.650002,66.239998,66.239998,551605
10/3/05,66.199997,66.620003,60.700001,61.84,61.84,457578
10/10/05,61.790001,64.699997,60.349998,62.630001,62.630001,540429
10/17/05,62.950001,64.400002,59.150002,60.630001,60.630001,441575
10/24/05,60.060001,62.950001,59.299999,61.220001,61.220001,479734
10/31/05,61.200001,62.150002,58.75,60.580002,60.580002,490389
11/7/05,60.110001,60.439999,56.93,57.529999,57.529999,564722
11/14/05,57.799999,58.52,55.400002,56.139999,56.139999,455302
11/21/05,57.419998,59.150002,57.099998,58.709999,58.709999,237361
11/28/05,58.110001,59.549999,55.720001,59.32,59.32,555619
12/5/05,59.41,61.5,59.029999,59.389999,59.389999,544299
12/12/05,59.509998,61.900002,58,58.060001,58.060001,492148
12/19/05,58,59.290001,56.900002,58.43,58.43,346616
12/26/05,58.299999,61.25,57.299999,61.040001,61.040001,280800
1/2/06,61.040001,64.449997,60.810001,64.209999,64.209999,450627
1/9/06,64.150002,65.050003,62.599998,63.919998,63.919998,616627
1/16/06,64.82,68.800003,64.599998,68.349998,68.349998,419382
1/23/06,68.449997,69.199997,65.309998,67.760002,67.760002,559723
1/30/06,67.849998,69,63.950001,65.370003,65.370003,612301
2/6/06,65.599998,66.620003,61.200001,61.84,61.84,673295
2/13/06,62.099998,62.18,57.5,59.880001,59.880001,547094
2/20/06,61.25,63.25,59.700001,62.91,62.91,477641
2/27/06,62.799999,63.790001,60.299999,63.669998,63.669998,514294
3/6/06,63.75,63.919998,59.25,59.959999,59.959999,568300
3/13/06,60.049999,63.900002,59.580002,62.77,62.77,501333
3/20/06,62.959999,64.75,59.599998,64.260002,64.260002,519346
3/27/06,64.18,67.300003,63.450001,66.629997,66.629997,510609
4/3/06,66.25,68.199997,65.599998,67.389999,67.389999,523141
4/10/06,67.339996,69.599998,67.220001,69.32,69.32,476413
4/17/06,69.629997,75.349998,69.300003,75.169998,75.169998,526815
4/24/06,75.059998,75.349998,70.489998,71.879997,71.879997,643922
5/1/06,71.75,74.989998,69.300003,70.190002,70.190002,593621
5/8/06,70.169998,73.900002,68.199997,72.040001,72.040001,661032
5/15/06,72.040001,72.040001,67.849998,68.529999,68.529999,541497
5/22/06,68.519997,72.150002,67.419998,71.370003,71.370003,506903
5/29/06,71.199997,72.75,70,72.330002,72.330002,472586
6/5/06,72.949997,73.849998,69.050003,71.629997,71.629997,556082
6/12/06,71.599998,72.32,68.099998,69.879997,69.879997,594681
6/19/06,69.870003,71.300003,68.550003,70.870003,70.870003,493548
6/26/06,70.68,74.150002,70.400002,73.980003,73.980003,350376
7/3/06,73.949997,75.779999,73.379997,74.089996,74.089996,286581
7/10/06,73.82,78.400002,72.900002,77.029999,77.029999,591582
7/17/06,77.25,77.739998,71.650002,74.43,74.43,481510
7/24/06,74.830002,75.779999,72.800003,73.239998,73.239998,411623
7/31/06,73.209999,76.5,72.769997,74.760002,74.760002,442001
8/7/06,74.57,77.449997,73.75,74.349998,74.349998,618528
8/14/06,73.790001,73.949997,69.599998,71.139999,71.139999,424124
8/21/06,71.220001,73.75,71.099998,72.510002,72.510002,378481
8/28/06,72.199997,72.199997,68.650002,69.190002,69.190002,416647
9/4/06,69.25,69.589996,66,66.25,66.25,463930
9/11/06,66.010002,66.5,62.029999,63.330002,63.330002,749101
9/18/06,63.490002,64.459999,59.799999,60.549999,60.549999,604101
9/25/06,60.25,64,59.52,62.91,62.91,698782
10/2/06,62.799999,63.32,57.75,59.759998,59.759998,775823
10/9/06,59.900002,61.299999,57.220001,58.57,58.57,797113
10/16/06,58.860001,60.540001,56.549999,56.82,56.82,731835
10/23/06,59.43,61.790001,58.119999,60.75,60.75,788819
10/30/06,60.75,61.049999,57.049999,59.139999,59.139999,914072
11/6/06,59.150002,61.330002,58.5,59.59,59.59,1099394
11/13/06,59.599998,59.919998,54.860001,55.810001,55.810001,994047
11/20/06,58.73,60.400002,57.970001,59.240002,59.240002,314138
11/27/06,59.889999,63.799999,59.259998,63.43,63.43,907350
12/4/06,63.810001,63.82,61.529999,62.029999,62.029999,1083507
12/11/06,62.209999,63.5,60.650002,63.43,63.43,923701
12/18/06,63.200001,64.150002,61.650002,62.41,62.41,712451
12/25/06,62.439999,63.200001,59.900002,61.049999,61.049999,446872
1/1/07,60.98,61.549999,54.900002,56.310001,56.310001,864373
1/8/07,56.240002,57.720001,51.560001,52.990002,52.990002,1574122
1/15/07,52.939999,53.549999,49.900002,51.990002,51.990002,806338
1/22/07,52.09,55.900002,50.799999,55.419998,55.419998,1144990
1/29/07,55.630001,59.25,53.75,59.02,59.02,1300185
2/5/07,59.25,60.799999,57.25,59.889999,59.889999,1482042
2/12/07,59.68,59.759998,56.619999,59.389999,59.389999,1225968
2/19/07,58.869999,61.799999,57.32,61.139999,61.139999,1184452
2/26/07,60.880001,62.490002,59.919998,61.639999,61.639999,1186430
3/5/07,61.299999,62.299999,59.549999,60.049999,60.049999,1196238
3/12/07,59.959999,59.959999,56.169998,57.110001,57.110001,1120982
3/19/07,57.110001,62.650002,56.099998,62.279999,62.279999,995518
3/26/07,62.34,68.089996,62.240002,65.870003,65.870003,1215185
4/2/07,65.699997,66.690002,63.560001,64.279999,64.279999,867871
4/9/07,63.849998,64.580002,61.349998,63.630001,63.630001,1261980
4/16/07,63.41,64.639999,61.34,63.380001,63.380001,822681
4/23/07,64.110001,66.699997,63.700001,66.459999,66.459999,1074700
4/30/07,66.360001,66.650002,61.560001,61.93,61.93,1174881
5/7/07,61.709999,62.580002,60.68,62.369999,62.369999,1275391
5/14/07,62.43,65.639999,61.900002,64.940002,64.940002,1042943
5/21/07,64.949997,66.379997,63.82,65.199997,65.199997,904947
5/28/07,64.980003,65.25,62.43,65.080002,65.080002,937798
6/4/07,64.870003,67.419998,64.529999,64.760002,64.760002,1211727
6/11/07,64.699997,68.300003,64.519997,68,68,1076813
6/18/07,68.129997,69.879997,67.290001,69.139999,69.139999,949199
6/25/07,68.849998,71.059998,67.07,70.68,70.68,1161484
7/2/07,70.519997,72.940002,69.57,72.809998,72.809998,1020403
7/9/07,72.75,74.010002,71.599998,73.93,73.93,1143388
7/16/07,74.010002,76.129997,73.5,75.57,75.57,939052
7/23/07,75.690002,77.239998,72.910004,77.019997,77.019997,1112501
7/30/07,76.949997,78.769997,75.040001,75.480003,75.480003,1139630
8/6/07,75.040001,75.099998,70.099998,71.470001,71.470001,1337401
8/13/07,71.470001,74.230003,70.099998,71.980003,71.980003,1221627
8/20/07,71.769997,71.769997,68.629997,71.089996,71.089996,929735
8/27/07,71.040001,74.440002,70.199997,74.040001,74.040001,942269
9/3/07,73.900002,77.43,73.480003,76.699997,76.699997,1168540
9/10/07,76.459999,80.360001,75.519997,79.099998,79.099998,1385985
9/17/07,79.029999,83.900002,78.25,81.620003,81.620003,1169369
9/24/07,81.360001,83.760002,78.440002,81.660004,81.660004,1379590
10/1/07,81.75,82.019997,78.870003,81.220001,81.220001,1198560
10/8/07,81.110001,84.050003,78.349998,83.690002,83.690002,1337364
10/15/07,83.910004,90.07,83.5,88.599998,88.599998,1275797
10/22/07,88.860001,92.220001,84.68,91.860001,91.860001,1470547
10/29/07,91.720001,96.239998,88.919998,95.93,95.93,1585314
11/5/07,95.919998,98.639999,93.720001,96.32,96.32,1707217
11/12/07,96.010002,96.349998,90.129997,95.099998,95.099998,1579474
11/19/07,93.879997,99.290001,93.160004,98.18,98.18,1182977
11/26/07,98.279999,99.120003,88.449997,88.709999,88.709999,1559314
12/3/07,88.790001,90.730003,85.82,88.279999,88.279999,1452246
12/10/07,88.269997,94.849998,87.089996,91.269997,91.269997,1480276
12/17/07,91.43,93.839996,88.879997,93.309998,93.309998,987645
12/24/07,93.580002,97.919998,92.5,96,96,468016
12/31/07,96.120003,100.089996,94.730003,97.910004,97.910004,808755
1/7/08,97.790001,98.400002,92.309998,92.690002,92.690002,1502614
1/14/08,92.919998,94.43,89.260002,90.57,90.57,1302075
1/21/08,87.449997,91.379997,86.110001,90.709999,90.709999,1202588
1/28/08,90.620003,92.709999,88.459999,88.959999,88.959999,1324250
2/4/08,88.660004,91.980003,86.239998,91.769997,91.769997,1411839
2/11/08,91.760002,96.669998,90.919998,95.5,95.5,1372177
2/18/08,95.370003,101.32,95.230003,98.809998,98.809998,1027456
2/25/08,98.989998,103.050003,97.75,101.839996,101.839996,1253423
3/3/08,101.629997,106.540001,98.870003,105.150002,105.150002,1721854
3/10/08,105.25,110.980003,104.080002,110.209999,110.209999,1654015
3/17/08,110.099998,111.800003,98.650002,101.839996,101.839996,1242883
3/24/08,101.699997,108.220001,99.129997,105.620003,105.620003,1398454
3/31/08,105.120003,106.779999,99.550003,106.230003,106.230003,1481036
4/7/08,106.120003,112.209999,105.860001,110.139999,110.139999,1466457
4/14/08,110,116.970001,109.559998,116.690002,116.690002,1153408
4/21/08,116.93,119.900002,114.25,118.519997,118.519997,1267816
4/28/08,118.949997,119.93,110.300003,116.32,116.32,1396956
5/5/08,116.5,126.269997,116.050003,125.959999,125.959999,1690157
5/12/08,125.839996,127.82,120.75,126.290001,126.290001,1718367
5/19/08,126.349998,135.089996,125.279999,132.190002,132.190002,1637110
5/26/08,131.679993,133.649994,124.669998,127.349998,127.349998,1430076
6/2/08,127.629997,139.119995,121.610001,138.539993,138.539993,1783593
6/9/08,137.970001,138.300003,130.800003,134.860001,134.860001,1798318
6/16/08,134.410004,139.889999,131.190002,134.619995,134.619995,1297119
6/23/08,134.800003,142.990005,131.949997,140.210007,140.210007,1341800
6/30/08,140.600006,145.850006,139.169998,145.289993,145.289993,939417
7/7/08,144.270004,147.270004,135.139999,145.080002,145.080002,1614973
7/14/08,144.690002,146.729996,128.229996,128.880005,128.880005,1526462
7/21/08,128.880005,132.070007,122.5,123.260002,123.260002,1205955
7/28/08,123.410004,128.600006,120.419998,125.099998,125.099998,1327841
8/4/08,125.980003,126.349998,114.620003,115.199997,115.199997,1520165
8/11/08,115.199997,117.459999,111.339996,113.769997,113.769997,1467095
8/18/08,113.940002,122.040001,111.639999,114.589996,114.589996,1187113
8/25/08,114.690002,120.5,112.360001,115.459999,115.459999,1240927
9/1/08,116.650002,118.599998,105.129997,106.230003,106.230003,1150588
9/8/08,107.75,109.889999,99.989998,101.18,101.18,1566531
9/15/08,101,105.25,90.510002,104.550003,104.550003,1433874
9/22/08,104.970001,130,103.220001,106.889999,106.889999,1298160
9/29/08,106.889999,106.910004,91.300003,93.879997,93.879997,1243812
10/6/08,92.5,93.019997,77.089996,77.699997,77.699997,1576455
10/13/08,80.120003,84.830002,68.57,71.849998,71.849998,1122994
10/20/08,72.160004,76.129997,62.650002,64.150002,64.150002,1153312
10/27/08,64.779999,70.599998,61.299999,67.809998,67.809998,1307725
11/3/08,67.370003,71.769997,59.970001,61.040001,61.040001,1366146
11/10/08,61.799999,65.559998,54.669998,57.040001,57.040001,1374920
11/17/08,56.740002,58.98,48.25,49.93,49.93,1176925
11/24/08,50.970001,55.98,48.799999,54.43,54.43,834073
12/1/08,54.619999,54.619999,40.5,40.810001,40.810001,1227456
12/8/08,41.639999,49.119999,41.549999,46.279999,46.279999,1501685
12/15/08,46.77,50.049999,32.400002,33.869999,33.869999,981324
12/22/08,42.790001,43.439999,35.130001,37.709999,37.709999,453268
12/29/08,38.400002,46.740002,36.939999,46.34,46.34,661144
1/5/09,47.040001,50.470001,39.380001,40.830002,40.830002,1486247
1/12/09,40.549999,40.799999,33.200001,36.509998,36.509998,1202421
1/19/09,36.139999,47,32.700001,46.470001,46.470001,1218293
1/26/09,46.049999,48.59,40.18,41.68,41.68,1360931
2/2/09,42.220001,42.68,38.599998,40.169998,40.169998,1510579
2/9/09,39.880001,42.43,33.549999,37.509998,37.509998,1600707
2/16/09,37.810001,39.849998,34.130001,38.939999,38.939999,554931
2/23/09,39.73,45.299999,37.650002,44.759998,44.759998,1409302
3/2/09,44.34,46.299999,39.439999,45.52,45.52,1341072
3/9/09,45.759998,48.830002,42.080002,46.25,46.25,1557217
3/16/09,45.200001,52.25,43.619999,51.060001,51.060001,856876
3/23/09,52.130001,54.66,51.619999,52.380001,52.380001,1104488
3/30/09,52.25,53.900002,47.259998,52.509998,52.509998,1179091
4/6/09,52.400002,53.599998,47.369999,52.240002,52.240002,1130460
4/13/09,52,52.150002,48.84,50.330002,50.330002,1137200
4/20/09,50.16,51.75,43.830002,51.549999,51.549999,1074710
4/27/09,51.450001,53.650002,48.009998,53.200001,53.200001,1143988
5/4/09,52.619999,58.75,52.560001,58.630001,58.630001,1468035
5/11/09,58.490002,60.080002,56.07,56.34,56.34,1384334
5/18/09,56.470001,62.259998,56.119999,61.669998,61.669998,1081159
5/25/09,61.5,66.639999,59.529999,66.309998,66.309998,1071824
6/1/09,66.480003,70.32,64.949997,68.440002,68.440002,1457239
6/8/09,68.32,73.230003,66.779999,72.040001,72.040001,1491801
6/15/09,72.199997,72.769997,68.900002,69.550003,69.550003,1068708
6/22/09,69.889999,71.290001,66.25,69.160004,69.160004,1264191
6/29/09,69.25,73.379997,66.260002,66.730003,66.730003,1109318
7/6/09,65.540001,65.650002,58.720001,59.889999,59.889999,1433847
7/13/09,59.860001,63.990002,58.32,63.560001,63.560001,1323941
7/20/09,63.380001,68.199997,63.189999,68.050003,68.050003,1263618
7/27/09,68.050003,69.739998,62.700001,69.449997,69.449997,1586201
8/3/09,69.300003,72.839996,69.089996,70.93,70.93,1612576
8/10/09,70.669998,72.209999,67.120003,67.510002,67.510002,1678553
8/17/09,67.690002,74.720001,65.230003,73.889999,73.889999,1062167
8/24/09,73.75,75,69.830002,72.739998,72.739998,1300549
8/31/09,72.75,73.360001,67.050003,68.019997,68.019997,1345048
9/7/09,68.110001,72.900002,67.540001,69.290001,69.290001,1426465
9/14/09,69.150002,73.160004,68.019997,72.040001,72.040001,1237109
9/21/09,71.779999,72.199997,65.050003,66.019997,66.019997,1341498
9/28/09,66.150002,71.389999,65.410004,69.949997,69.949997,1512149
10/5/09,69.809998,72.550003,68.050003,71.769997,71.769997,1819282
10/12/09,72.239998,78.75,72.050003,78.529999,78.529999,1511377
10/19/09,78.559998,82,77.639999,80.5,80.5,1437131
10/26/09,79.650002,81.580002,76.849998,77,77,1871986
11/2/09,77.019997,81.059998,76.550003,77.43,77.43,1764501
11/9/09,77.870003,80.510002,75.57,76.349998,76.349998,1744504
11/16/09,76.580002,80.330002,76.199997,76.720001,76.720001,1372556
11/23/09,77.800003,79.919998,72.389999,76.050003,76.050003,1434657
11/30/09,76.050003,79.040001,74.849998,75.470001,75.470001,1773285
12/7/09,75.800003,76.099998,69.459999,69.870003,69.870003,2062055
12/14/09,69.629997,74.690002,68.589996,73.360001,73.360001,1126952
12/21/09,73.050003,78.25,71.989998,78.050003,78.050003,694017
12/28/09,77.919998,80,77.760002,79.360001,79.360001,522432
1/4/10,79.629997,83.519997,79.629997,82.75,82.75,1449497
1/11/10,82.879997,83.949997,77.699997,78,78,1507756
1/18/10,77.849998,79.150002,74.010002,74.540001,74.540001,1166876
1/25/10,74.239998,75.419998,72.43,72.889999,72.889999,1521126
2/1/10,72.839996,78.040001,69.5,71.190002,71.190002,2155008
2/8/10,72.18,75.690002,70.769997,74.129997,74.129997,1997786
2/15/10,74.019997,80.099998,73.709999,79.809998,79.809998,1106251
2/22/10,80.099998,80.510002,77.050003,79.660004,79.660004,1510218
3/1/10,79.839996,82.07,78.059998,81.5,81.5,1485849
3/8/10,81.790001,83.160004,80.160004,81.239998,81.239998,1673994
3/15/10,81.129997,83.089996,79.129997,80.68,80.68,1207545
3/22/10,80.93,82.199997,78.57,80,80,1541734
3/29/10,80.239998,85.220001,80.18,84.870003,84.870003,1222825
4/5/10,85.309998,87.089996,84.120003,84.919998,84.919998,1746653
4/12/10,85.169998,86.389999,82.510002,83.239998,83.239998,1942223
4/19/10,82.919998,85.190002,80.529999,85.120003,85.120003,1651588
4/26/10,85.220001,86.5,81.290001,86.150002,86.150002,1986488
5/3/10,86.199997,87.150002,74.510002,75.110001,75.110001,2540983
5/10/10,76.110001,78.510002,70.830002,71.610001,71.610001,2270854
5/17/10,71.790001,72.519997,64.239998,70.040001,70.040001,1694549
5/24/10,70.620003,75.720001,67.150002,73.970001,73.970001,1903224
5/31/10,73.970001,75.419998,70.790001,71.510002,71.510002,1717547
6/7/10,70.349998,76.300003,69.510002,73.779999,73.779999,2128036
6/14/10,74.059998,78.129997,74.040001,77.18,77.18,1414040
6/21/10,77.5,79.190002,75.169998,78.860001,78.860001,1351679
6/28/10,79,79.379997,71.620003,72.139999,72.139999,1565576
7/5/10,72.059998,76.480003,71.089996,76.089996,76.089996,1210087
7/12/10,76.300003,78.150002,74.25,76.010002,76.010002,1626705
7/19/10,75.720001,79.599998,75.5,78.980003,78.980003,1396331
7/26/10,78.980003,79.690002,75.900002,78.949997,78.949997,1564679
8/2/10,78.949997,82.970001,78.830002,80.699997,80.699997,1522741
8/9/10,80.910004,81.760002,75.010002,75.389999,75.389999,1786740
8/16/10,75.599998,76.629997,73.190002,73.459999,73.459999,1202192
8/23/10,73.900002,75.449997,70.760002,75.169998,75.169998,1777569
8/30/10,75.5,75.580002,71.529999,74.599998,74.599998,1846153
9/6/10,74.300003,76.730003,72.629997,76.449997,76.449997,1570651
9/13/10,76.360001,78.040001,72.75,73.660004,73.660004,1606708
9/20/10,73.589996,76.68,72.809998,76.489998,76.489998,1372629
9/27/10,76.470001,81.690002,75.519997,81.580002,81.580002,1786556
10/4/10,81.68,84.43,80.300003,82.660004,82.660004,1864345
10/11/10,82.949997,84.120003,80.75,81.25,81.25,1584989
10/18/10,81.379997,83.279999,79.349998,81.690002,81.690002,1433850
10/25/10,82.010002,83.279999,80.519997,81.43,81.43,1591196
11/1/10,81.449997,87.43,81.32,86.849998,86.849998,1670098
11/8/10,87.389999,88.629997,84.519997,84.879997,84.879997,1972628
11/15/10,84.870003,85.769997,80.059998,81.510002,81.510002,1589531
11/22/10,82.150002,84.529999,80.279999,83.760002,83.760002,1140771
11/29/10,83.900002,89.489998,83.550003,89.190002,89.190002,1700171
12/6/10,89.440002,90.760002,87.099998,87.790001,87.790001,1807475
12/13/10,87.68,89.489998,86.830002,88.019997,88.019997,1340214
12/20/10,88.18,91.629997,87.260002,91.510002,91.510002,785689
12/27/10,91.07,92.059998,89.019997,91.379997,91.379997,707244
1/3/11,91.309998,92.580002,87.25,88.029999,88.029999,1942887
1/10/11,89,92.389999,88.129997,91.540001,91.540001,1914953
1/17/11,91.510002,92.099998,88,89.110001,89.110001,1051306
1/24/11,89.260002,89.730003,85.110001,89.339996,89.339996,1996652
1/31/11,89.970001,92.839996,88.400002,89.029999,89.029999,1792209
2/7/11,89.059998,89.540001,85.099998,85.580002,85.580002,1909649
2/14/11,85.5,87.879997,83.849998,86.199997,86.199997,1232578
2/21/11,86.379997,103.410004,86.25,97.879997,97.879997,1943219
2/28/11,98.5,105.169998,96.370003,104.419998,104.419998,1782511
3/7/11,104.650002,106.949997,99.010002,101.160004,101.160004,1953938
3/14/11,100.309998,103.660004,96.220001,101.07,101.07,1515362
3/21/11,102.120003,106.690002,101.43,105.400002,105.400002,1155569
3/28/11,105.43,108.230003,102.699997,107.940002,107.940002,1281138
4/4/11,108.290001,113.18,107.5,112.790001,112.790001,1387831
4/11/11,113.279999,113.459999,105.309998,109.660004,109.660004,1953302
4/18/11,109.43,112.480003,105.5,112.290001,112.290001,994964
4/25/11,112.339996,114.18,110.709999,113.93,113.93,1286256
5/2/11,113.889999,114.830002,94.629997,97.18,97.18,2220955
5/9/11,98.110001,104.599998,95.25,99.650002,99.650002,2323878
5/16/11,99.360001,100.989998,95.019997,99.489998,99.489998,1557324
5/23/11,99.68,101.900002,96.370003,100.589996,100.589996,1535627
5/30/11,100.690002,103.389999,98.120003,100.220001,100.220001,1436459
6/6/11,100.419998,102.440002,97.739998,99.290001,99.290001,1914098
6/13/11,98.769997,99.949997,91.839996,93.010002,93.010002,1819455
6/20/11,92.800003,95.699997,89.690002,91.160004,91.160004,1578847
6/27/11,91.160004,95.839996,89.610001,94.940002,94.940002,1446701
7/4/11,94.980003,99.419998,94.339996,96.199997,96.199997,1251240
7/11/11,96.099998,99.209999,93.550003,97.239998,97.239998,1679920
7/18/11,97.370003,100.190002,94.690002,99.870003,99.870003,1154926
7/25/11,99.760002,100.620003,94.949997,95.699997,95.699997,1363056
8/1/11,96.199997,98.599998,82.870003,86.879997,86.879997,2125682
8/8/11,85.709999,87.370003,75.709999,85.379997,85.379997,2499189
8/15/11,85.589996,89,79.169998,82.260002,82.260002,1492708
8/22/11,82.419998,86.589996,81.129997,85.370003,85.370003,1663997
8/29/11,85.330002,89.900002,85.110001,86.449997,86.449997,1431310
9/5/11,86.459999,90.480003,83.199997,87.239998,87.239998,1315857
9/12/11,86.699997,90.519997,85,87.959999,87.959999,1557557
9/19/11,87.75,87.989998,77.550003,79.849998,79.849998,1583286
9/26/11,79.639999,84.769997,77.110001,79.199997,79.199997,1641391
10/3/11,78.919998,84,74.949997,82.980003,82.980003,1920591
10/10/11,82.75,87.400002,82.75,86.800003,86.800003,1556493
10/17/11,87.480003,89.510002,84.099998,87.400002,87.400002,1228879
10/24/11,87.050003,94.650002,87,93.32,93.32,1989163
10/31/11,93.529999,94.93,89.169998,94.260002,94.260002,1440974
11/7/11,94.260002,99.199997,93.230003,98.989998,98.989998,1710980
11/14/11,99.300003,103.370003,96.639999,97.410004,97.410004,1620131
11/21/11,97.540001,98.699997,94.989998,96.769997,96.769997,1067639
11/28/11,97.5,101.75,97.129997,100.959999,100.959999,1457229
12/5/11,101.230003,102.440002,97.360001,99.410004,99.410004,1446386
12/12/11,99.580002,101.25,92.519997,93.529999,93.529999,1517029
12/19/11,93.760002,100.230003,92.540001,99.68,99.68,823203
12/26/11,99.919998,101.769997,98.300003,98.830002,98.830002,596872
1/2/12,99.699997,103.739998,99.650002,101.559998,101.559998,1133265
1/9/12,101.919998,103.410004,97.699997,98.699997,98.699997,1620913
1/16/12,98.949997,102.059998,97.910004,98.459999,98.459999,1036430
1/23/12,98.339996,101.389999,97.400002,99.559998,99.559998,1318431
1/30/12,100,101.290001,95.440002,97.839996,97.839996,1533152
2/6/12,97.739998,100.18,95.839996,98.669998,98.669998,1641169
2/13/12,99.330002,104.139999,99.089996,103.239998,103.239998,1192426
2/20/12,104.650002,109.949997,104.260002,109.769997,109.769997,1150943
2/27/12,109.669998,110.550003,104.839996,106.699997,106.699997,1598947
3/5/12,106.75,108.199997,104.349998,107.400002,107.400002,1475544
3/12/12,107.5,107.559998,103.779999,107.059998,107.059998,1364618
3/19/12,107.18,108.25,104.5,106.870003,106.870003,1248234
3/26/12,106.790001,107.730003,102.129997,103.019997,103.019997,1244519
4/2/12,103.269997,105.489998,101.080002,103.309998,103.309998,1067270
4/9/12,102.529999,104.239998,100.68,102.830002,102.830002,1300403
4/16/12,102.800003,105.07,101.669998,103.050003,103.050003,1042482
4/23/12,103.82,105,101.82,104.93,104.93,1060926
4/30/12,104.93,106.43,97.510002,98.489998,98.489998,1473966
5/7/12,98.050003,98.239998,95.169998,96.129997,96.129997,1509959
5/14/12,95.790001,95.830002,90.93,91.480003,91.480003,1336899
5/21/12,91.269997,93.059998,89.279999,90.860001,90.860001,994429
5/28/12,91,92.209999,82.290001,83.230003,83.230003,1312771
6/4/12,82.959999,87.029999,81.209999,84.099998,84.099998,1512880
6/11/12,85.720001,86.639999,81.07,84.029999,84.029999,1487056
6/18/12,85.089996,85.599998,77.559998,79.760002,79.760002,1409946
6/25/12,80.199997,85.339996,77.279999,84.959999,84.959999,1504472
7/2/12,84.650002,88.980003,82.099998,84.449997,84.449997,1300110
7/9/12,84.199997,87.610001,83.650002,87.099998,87.099998,1357684
7/16/12,87.129997,92.940002,86.410004,91.440002,91.440002,1030856
7/23/12,91.610001,91.639999,86.839996,90.129997,90.129997,1333584
7/30/12,90.139999,91.739998,86.919998,91.400002,91.400002,1359631
8/6/12,91.339996,94.720001,90.629997,92.870003,92.870003,1207466
8/13/12,93.25,96.279999,92.050003,96.010002,96.010002,1137541
8/20/12,96.360001,98.290001,95.019997,96.150002,96.150002,980323
8/27/12,96.669998,97.720001,93.949997,96.470001,96.470001,1056707
9/3/12,96.379997,97.709999,94.080002,96.419998,96.419998,1109299
9/10/12,96.239998,100.419998,95.339996,99,99,1230379
9/17/12,99.150002,99.519997,90.660004,92.889999,92.889999,1063109
9/24/12,93.18,93.199997,88.949997,92.190002,92.190002,1146880
10/1/12,92.150002,93.330002,87.699997,89.879997,89.879997,1303759
10/8/12,89.849998,93.660004,88.209999,91.860001,91.860001,1382779
10/15/12,91.629997,93.050003,89.790001,90.050003,90.050003,1035878
10/22/12,89.519997,90.800003,84.940002,86.279999,86.279999,1304428
10/29/12,86.43,87.419998,84.660004,84.860001,84.860001,959018
11/5/12,84.650002,89.220001,84.050003,86.07,86.07,1566039
11/12/12,86.190002,87.010002,84.57,86.669998,86.669998,1337550
11/19/12,87.300003,89.800003,86.169998,88.279999,88.279999,895632
11/26/12,88.209999,88.989998,85.360001,88.910004,88.910004,1103043
12/3/12,88.849998,90.330002,85.68,85.93,85.93,1177388
12/10/12,85.980003,87.68,85.209999,86.730003,86.730003,1176497
12/17/12,86.879997,90.540001,86.480003,88.660004,88.660004,841958
12/24/12,88.599998,91.489998,88.199997,90.800003,90.800003,474259
12/31/12,90.410004,93.870003,90,93.089996,93.089996,723949
1/7/13,93.209999,94.699997,92.419998,93.559998,93.559998,1100660
1/14/13,93.739998,96.040001,92.949997,95.559998,95.559998,1035101
1/21/13,95.25,96.919998,94.949997,95.879997,95.879997,971307
1/28/13,96.040001,98.239998,95.470001,97.769997,97.769997,1132299
2/4/13,97.720001,97.760002,95.040001,95.720001,95.720001,1173335
2/11/13,95.790001,98.110001,94.970001,95.860001,95.860001,1168380
2/18/13,95.970001,97.07,92.440002,93.129997,93.129997,947966
2/25/13,93.230003,94.459999,90.040001,90.68,90.68,1116452
3/4/13,90.709999,92.029999,89.330002,91.949997,91.949997,1140032
3/11/13,91.830002,93.839996,90.889999,93.449997,93.449997,1079369
3/18/13,93.260002,94.089996,91.760002,93.709999,93.709999,891591
3/25/13,93.720001,97.349998,93.699997,97.230003,97.230003,867163
4/1/13,97.360001,97.800003,91.910004,92.699997,92.699997,1327105
4/8/13,93.019997,94.82,90.269997,91.290001,91.290001,1243413
4/15/13,90.949997,90.980003,85.610001,88.010002,88.010002,1273060
4/22/13,87.959999,93.870003,87.550003,93,93,1296354
4/29/13,92.699997,96.040001,90.110001,95.610001,95.610001,1432819
5/6/13,95.580002,97.169998,93.370003,96.040001,96.040001,1433775
5/13/13,95.760002,96.449997,92.129997,96.019997,96.019997,1412740
5/20/13,95.93,97.110001,92.209999,94.150002,94.150002,1241901
5/27/13,93.889999,95.919998,91.559998,91.970001,91.970001,1097284
6/3/13,91.730003,96.389999,91.260002,96.029999,96.029999,1455516
6/10/13,96.089996,98.25,94.040001,97.849998,97.849998,1202300
6/17/13,97.849998,99.010002,93.120003,93.690002,93.690002,1216844
6/24/13,93.849998,97.82,92.669998,96.559998,96.559998,1391698
7/1/13,96.580002,103.68,96.07,103.220001,103.220001,1124251
7/8/13,103.949997,107.449997,102.129997,105.949997,105.949997,1495179
7/15/13,106.050003,109.32,104.650002,108.050003,108.050003,992852
7/22/13,108.339996,108.790001,103.900002,104.699997,104.699997,1283203
7/29/13,104.610001,108.82,102.669998,106.940002,106.940002,1257966
8/5/13,106.839996,107.690002,102.220001,105.970001,105.970001,1395964
8/12/13,105.839996,108.169998,105.029999,107.459999,107.459999,1236560
8/19/13,107.779999,107.800003,103.5,106.419998,106.419998,1187326
8/26/13,106.910004,112.239998,105.559998,107.650002,107.650002,1298176
9/2/13,107.07,110.699997,104.209999,110.529999,110.529999,967150
9/9/13,110.279999,110.459999,106.389999,108.209999,108.209999,1287281
9/16/13,107.5,108.989998,104.32,104.68,104.68,1177822
9/23/13,104.889999,105.120003,102.199997,102.870003,102.870003,1135207
9/30/13,102.459999,104.379997,101.050003,103.839996,103.839996,1141683
10/7/13,103.449997,104.080002,100.599998,102.019997,102.019997,1341425
10/14/13,101.370003,102.970001,100.029999,100.809998,100.809998,1029433
10/21/13,100.629997,100.949997,95.949997,97.849998,97.849998,1235706
10/28/13,97.879997,98.82,94.360001,94.610001,94.610001,1219075
11/4/13,94.519997,95.400002,93.07,94.599998,94.599998,1230572
11/11/13,94.449997,95.379997,92.510002,93.839996,93.839996,1384851
11/18/13,93.779999,95.629997,92.43,94.839996,94.839996,1006778
11/25/13,94.150002,94.690002,91.769997,92.720001,92.720001,805121
12/2/13,92.709999,98.07,92.559998,97.650002,97.650002,1320264
12/9/13,97.660004,98.75,96.260002,96.599998,96.599998,1188032
12/16/13,96.550003,99.400002,96.209999,99.32,99.32,736408
12/23/13,99.199997,100.75,98.529999,100.32,100.32,352014
12/30/13,100.150002,100.419998,93.860001,93.959999,93.959999,699033
1/6/14,94.18,94.589996,91.239998,92.720001,92.720001,1123188
1/13/14,92.830002,94.940002,91.43,94.370003,94.370003,1003999
1/20/14,94,97.839996,93.43,96.639999,96.639999,1010961
1/27/14,96.900002,98.589996,95.209999,97.489998,97.489998,1094963
2/3/14,97.400002,100.239998,96.260002,99.879997,99.879997,1239953
2/10/14,100.050003,101.379997,99.110001,100.300003,100.300003,1255252
2/17/14,100.32,103.800003,100.230003,102.199997,102.199997,661192
2/24/14,102.290001,103.449997,101.019997,102.589996,102.589996,936364
3/3/14,103,105.220001,100.129997,102.580002,102.580002,1291655
3/10/14,102.75,102.82,97.550003,98.889999,98.889999,1430792
3/17/14,99.389999,100.82,97.370003,99.459999,99.459999,966369
3/24/14,99.489998,102.239998,98.800003,101.669998,101.669998,948616
3/31/14,101.690002,101.970001,98.860001,101.139999,101.139999,1025692
4/7/14,100.910004,104.440002,99.919998,103.739998,103.739998,1363177
4/14/14,103.559998,104.989998,102.910004,104.300003,104.300003,923795
4/21/14,104.540001,104.769997,100.480003,100.599998,100.599998,1113342
4/28/14,100.489998,102.199997,98.739998,99.760002,99.760002,1182346
5/5/14,99.959999,101.18,98.910004,99.989998,99.989998,1256427
5/12/14,100.120003,102.650002,99.93,102.019997,102.019997,1123669
5/19/14,102.129997,104.5,101.970001,104.349998,104.349998,962754
5/26/14,104.339996,104.5,102.400002,102.709999,102.709999,788761
6/2/14,102.919998,103.690002,101.599998,102.660004,102.660004,925950
6/9/14,102.779999,107.68,102.620003,106.910004,106.910004,1266939
6/16/14,106.879997,107.730003,105.32,107.260002,107.260002,970269
6/23/14,107.419998,107.5,105.029999,105.739998,105.739998,924441
6/30/14,105.690002,106.089996,103.669998,104.059998,104.059998,847024
7/7/14,104.059998,104.199997,100.440002,100.830002,100.830002,1200241
7/14/14,100.459999,103.940002,99.010002,103.129997,103.129997,1339474
7/21/14,102.970001,105.25,101,102.089996,102.089996,1119356
7/28/14,101.870003,102.099998,97.089996,97.879997,97.879997,1330626
8/4/14,97.669998,98.669998,96.550003,97.650002,97.650002,1262634
8/11/14,97.540001,98.580002,95.260002,97.349998,97.349998,1358157
8/18/14,97.099998,97.160004,92.5,93.650002,93.650002,891530
8/25/14,93.339996,96,93.050003,95.959999,95.959999,985872
9/1/14,95.809998,95.910004,92.68,93.290001,93.290001,1130277
9/8/14,93.489998,93.940002,90.43,92.269997,92.269997,1550115
9/15/14,92.129997,95.190002,90.629997,92.410004,92.410004,1124613
9/22/14,92.220001,93.860001,90.580002,93.540001,93.540001,1267378
9/29/14,93.349998,94.900002,88.18,89.739998,89.739998,1872092
10/6/14,89.769997,90.739998,83.589996,85.82,85.82,1692027
10/13/14,85.199997,85.870003,79.779999,82.75,82.75,1854564
10/20/14,83.129997,84.050003,80.050003,81.010002,81.010002,1360789
10/27/14,81.269997,82.879997,79.440002,80.540001,80.540001,1359410
11/3/14,80.589996,80.980003,75.839996,78.650002,78.650002,1865467
11/10/14,78.5,79.849998,73.25,75.82,75.82,1796009
11/17/14,75.93,77.830002,73.879997,76.510002,76.510002,1093991
11/24/14,76.620003,77.019997,65.690002,66.150002,66.150002,1300462
12/1/14,66,69.540001,63.720001,65.839996,65.839996,1671445
12/8/14,65.459999,65.550003,57.34,57.810001,57.810001,1915770
12/15/14,57.07,58.98,53.599998,56.52,56.52,1785558
12/22/14,57.75,58.529999,54.509998,54.73,54.73,853493
12/29/14,55.049999,55.740002,52.029999,52.689999,52.689999,962159
1/5/15,52.610001,52.73,46.830002,48.360001,48.360001,2070595
1/12/15,48.189999,51.27,44.200001,48.689999,48.689999,2035705
1/19/15,48.689999,49.09,45.209999,45.59,45.59,1580262
1/26/15,45.200001,48.349998,43.580002,48.240002,48.240002,1744093
2/2/15,47.59,54.240002,46.669998,51.689999,51.689999,2915670
2/9/15,52.009998,53.990002,48.049999,52.779999,52.779999,2558071
2/16/15,52.75,54.150002,49.150002,50.34,50.34,1267610
2/23/15,50.75,51.279999,47.799999,49.759998,49.759998,2057086
3/2/15,49.450001,52.400002,48.709999,49.610001,49.610001,2039556
3/9/15,49.599998,50.790001,44.75,44.84,44.84,1964331
3/16/15,44.810001,46.529999,42.029999,45.720001,45.720001,1420635
3/23/15,46.41,52.48,45.330002,48.869999,48.869999,1900134
3/30/15,48.57,50.450001,47.049999,49.139999,49.139999,1626112
4/6/15,49.470001,54.130001,49.470001,51.639999,51.639999,2271445
4/13/15,51.810001,57.419998,51.470001,55.740002,55.740002,1959221
4/20/15,56.16,58.41,54.849998,57.150002,57.150002,1540148
4/27/15,57.299999,59.900002,56.07,59.150002,59.150002,1528594
5/4/15,59.299999,62.580002,58.139999,59.389999,59.389999,1899969
5/11/15,59.43,61.849998,58.419998,59.689999,59.689999,1740395
5/18/15,59.849998,60.939999,57.09,59.720001,59.720001,1328369
5/25/15,60.049999,60.700001,56.509998,60.299999,60.299999,1437949
6/1/15,60.290001,61.580002,56.830002,59.130001,59.130001,1832356
6/8/15,58.959999,61.82,57.860001,59.959999,59.959999,1804415
6/15/15,59.900002,61.380001,58.73,59.610001,59.610001,1203808
6/22/15,59.439999,61.57,58.759998,59.630001,59.630001,1358813
6/29/15,58.84,59.689999,56.5,56.93,56.93,1238965
7/6/15,54.900002,55.34,50.580002,52.740002,52.740002,2234036
7/13/15,52.150002,53.5,50.139999,50.889999,50.889999,1639448
7/20/15,50.759998,51.259998,47.720001,48.139999,48.139999,1299197
7/27/15,48,49.52,46.68,47.119999,47.119999,1560750
8/3/15,46.860001,46.939999,43.700001,43.869999,43.869999,1785244
8/10/15,43.580002,45.34,41.349998,42.5,42.5,2259066
8/17/15,42.18,42.900002,39.860001,40.450001,40.450001,1379652
8/24/15,40.299999,45.900002,37.75,45.220001,45.220001,2412748
8/31/15,45,49.330002,43.209999,46.049999,46.049999,3085303
9/7/15,45.82,46.41,43.360001,44.630001,44.630001,1826380
9/14/15,44.779999,47.709999,43.59,44.68,44.68,1661894
9/21/15,44.970001,47.150002,43.709999,45.700001,45.700001,1572958
9/28/15,45.380001,47.099998,43.970001,45.540001,45.540001,1794654
10/5/15,45.650002,50.919998,45.209999,49.630001,49.630001,2342090
10/12/15,49.509998,50.130001,45.23,47.259998,47.259998,1791359
10/19/15,47.27,47.490002,44.200001,44.599998,44.599998,1600761
10/26/15,44.740002,47.029999,42.580002,46.59,46.59,1994247
11/2/15,46.43,48.360001,44.110001,44.290001,44.290001,2085178
11/9/15,44.52,45.119999,40.220001,40.740002,40.740002,2462580
11/16/15,40.919998,42.25,38.990002,40.389999,40.389999,1714409
11/23/15,41.490002,43.459999,40.41,41.709999,41.709999,1646127
11/30/15,41.77,42.610001,39.599998,39.970001,39.970001,2337977
12/7/15,40.099998,40.150002,35.16,35.619999,35.619999,3068109
12/14/15,35.400002,37.880001,34.290001,34.73,34.73,1739867
12/21/15,34.580002,38.279999,33.98,38.099998,38.099998,1180874
12/28/15,38,38.09,36.220001,37.040001,37.040001,1014124
1/4/16,37.599998,38.389999,32.099998,33.16,33.16,2619832
1/11/16,32.939999,33.200001,29.129999,29.42,29.42,2780761
1/18/16,29.200001,32.349998,26.190001,32.189999,32.189999,2208678
1/25/16,32.049999,34.82,29.25,33.619999,33.619999,3439363
2/1/16,33.830002,34.18,29.4,30.889999,30.889999,3323127
2/8/16,30.969999,31.379999,26.049999,29.440001,29.440001,3594267
2/15/16,29.08,31.98,28.700001,29.639999,29.639999,1559294
2/22/16,29.719999,34.689999,29.48,32.779999,32.779999,2970808
2/29/16,32.720001,36.34,32.32,35.919998,35.919998,2767780
3/7/16,36.200001,39.02,36.09,38.5,38.5,3423661
3/14/16,38.169998,41.200001,35.959999,39.439999,39.439999,1858376
3/21/16,39.060001,41.900002,38.330002,39.459999,39.459999,1930201
3/28/16,39.549999,40.139999,36.630001,36.790001,36.790001,2409618
4/4/16,36.610001,39.84,35.240002,39.720001,39.720001,3230047
4/11/16,39.720001,42.419998,39.25,40.360001,40.360001,3215385
4/18/16,38.75,44.490002,37.610001,43.73,43.73,2486647
4/25/16,43.75,46.779999,42.5,45.919998,45.919998,2904654
5/2/16,45.900002,46.150002,43.220001,44.66,44.66,3242168
5/9/16,45,47.02,43.029999,46.209999,46.209999,3581405
5/16/16,46.279999,48.950001,46.150002,47.75,47.75,2011350
5/23/16,48.459999,50.209999,47.400002,49.330002,49.330002,2396770
5/30/16,49.540001,50.099998,47.75,48.619999,48.619999,2091707
6/6/16,48.880001,51.669998,48.709999,49.07,49.07,2805984
6/13/16,48.849998,49.279999,45.830002,47.98,47.98,2224613
6/20/16,48.290001,50.540001,46.700001,47.639999,47.639999,2194970
6/27/16,47.810001,50,45.830002,48.990002,48.990002,2428863
7/4/16,49.110001,49.349998,44.77,45.41,45.41,2510828
7/11/16,45.07,46.93,44.419998,45.950001,45.950001,2882176
7/18/16,46.119999,46.139999,43.689999,44.189999,44.189999,1741913
7/25/16,44.200001,44.369999,40.57,41.599998,41.599998,2315227
8/1/16,41.349998,42.099998,39.189999,41.799999,41.799999,2871743
8/8/16,41.990002,44.779999,41.099998,44.490002,44.490002,3081697
8/15/16,44.740002,48.75,44.380001,48.52,48.52,2028035
8/22/16,48.400002,48.459999,46.419998,47.639999,47.639999,2759815
8/29/16,47.220001,47.490002,43,44.439999,44.439999,2504628
9/5/16,44.150002,47.75,43.84,45.880001,45.880001,2955163
9/12/16,45.57,46.509998,42.740002,43.029999,43.029999,2877028
9/19/16,43.18,46.549999,42.549999,44.48,44.48,2650049
9/26/16,44.619999,48.32,44.189999,48.240002,48.240002,3365474
10/3/16,48.040001,50.740002,47.779999,49.810001,49.810001,2658525
10/10/16,49.57,51.599998,49.150002,50.349998,50.349998,3245669
10/17/16,50.23,51.93,49.470001,50.849998,50.849998,1844200
10/24/16,50.849998,50.98,48.419998,48.700001,48.700001,2949750
10/31/16,48.25,48.740002,43.57,44.07,44.07,3435672
11/7/16,44.450001,45.950001,43.029999,43.41,43.41,3539357
11/14/16,43.200001,46.580002,42.200001,45.689999,45.689999,2509637
11/21/16,45.830002,49.200001,45.77,46.060001,46.060001,2514372
11/28/16,45.43,51.799999,44.82,51.68,51.68,4420103
12/5/16,51.459999,52.419998,49.610001,51.5,51.5,3492509
12/12/16,52.580002,54.509998,49.950001,51.900002,51.900002,2967704
12/19/16,52.150002,53.790001,51.509998,53.02,53.02,1697228
12/26/16,53.290001,54.369999,53.029999,53.720001,53.720001,1231129
1/2/17,54.200001,55.240002,52.110001,53.990002,53.990002,2286129
1/9/17,53.75,53.830002,50.709999,52.369999,52.369999,3152001
1/16/17,52.549999,53.52,50.91,52.419998,52.419998,1532085
1/23/17,53.330002,54.080002,52.209999,53.169998,53.169998,2638948
1/30/17,53.150002,54.34,52.240002,53.830002,53.830002,2605397
2/6/17,53.810001,54.130001,51.220001,53.860001,53.860001,3023166
2/13/17,53.799999,53.950001,52.68,53.400002,53.400002,2081409
2/20/17,53.48,54.939999,53.349998,53.990002,53.990002,2089928
2/27/17,54.02,54.610001,52.540001,53.330002,53.330002,2554328
3/6/17,53.189999,53.799999,48.310001,48.490002,48.490002,3832227
3/13/17,48.450001,49.619999,47.09,48.779999,48.779999,2804054
3/20/17,48.700001,48.740002,47.009998,47.970001,47.970001,2372131
3/27/17,48.119999,50.849998,47.080002,50.599998,50.599998,2625443
4/3/17,50.689999,52.939999,49.880001,52.240002,52.240002,2893632
4/10/17,52.310001,53.759998,52.290001,53.18,53.18,2274082
4/17/17,52.970001,53.209999,49.200001,49.619999,49.619999,1955293
4/24/17,49.68,50.220001,48.200001,49.330002,49.330002,3166035
5/1/17,49.169998,49.32,43.759998,46.220001,46.220001,3723649
5/8/17,46.349998,48.220001,45.529999,47.84,47.84,3506068
5/15/17,47.849998,50.529999,47.75,50.330002,50.330002,2315678
5/22/17,50.599998,52,48.18,49.799999,49.799999,3796099
5/29/17,49.93,50.279999,46.740002,47.66,47.66,3019770
6/5/17,47.709999,48.419998,45.200001,45.830002,45.830002,4381210
6/12/17,45.799999,46.709999,44.220001,44.740002,44.740002,3067255
6/19/17,44.68,45.060001,42.049999,43.009998,43.009998,3449530
6/26/17,43.16,46.349998,42.630001,46.040001,46.040001,3620198
7/3/17,46.279999,47.32,43.779999,44.23,44.23,3636792
7/10/17,44.349998,46.740002,43.650002,46.540001,46.540001,4314632
7/17/17,46.68,47.549999,45.540001,45.77,45.77,2399789
7/24/17,45.619999,49.810001,45.400002,49.709999,49.709999,4133456
7/31/17,49.849998,50.43,48.369999,49.580002,49.580002,4221271
8/7/17,49.59,50.220001,47.98,48.82,48.82,4553541
8/14/17,48.790001,49.16,46.459999,48.509998,48.509998,3210526
8/21/17,48.720001,48.75,47.029999,47.869999,47.869999,3173148
8/28/17,47.889999,48.200001,45.580002,47.290001,47.290001,4511262
9/4/17,47.279999,49.419998,47.150002,47.48,47.48,3078045
9/11/17,47.580002,50.5,47,49.889999,49.889999,3300065
9/18/17,49.849998,50.810001,49.189999,50.66,50.66,2141761
9/25/17,50.68,52.860001,50.389999,51.669998,51.669998,3401592
10/2/17,51.639999,51.709999,49.099998,49.290001,49.290001,3060003
10/9/17,49.25,51.720001,49.130001,51.450001,51.450001,3218636
10/16/17,51.43,52.369999,50.700001,51.470001,51.470001,1946512
10/23/17,52.07,54.200001,51.549999,53.900002,53.900002,3300417
10/30/17,54.16,55.759998,53.75,55.639999,55.639999,2830381
11/6/17,55.970001,57.919998,55.66,56.740002,56.740002,3739292
11/13/17,56.900002,57.150002,54.810001,56.549999,56.549999,2239209
11/20/17,56.689999,59.049999,55.57,58.950001,58.950001,2627544
11/27/17,58.950001,58.990002,56.75,58.360001,58.360001,3398511
12/4/17,58.32,58.34,55.82,57.360001,57.360001,2947126
12/11/17,57.25,58.560001,56.09,57.299999,57.299999,2881980
12/18/17,57.369999,58.5,56.82,58.470001,58.470001,1708653
12/25/17,58.400002,60.509998,58.32,60.419998,60.419998,1650621
1/1/18,60.200001,62.209999,60.099998,61.439999,61.439999,2401571
1/8/18,61.610001,64.769997,61.34,64.300003,64.300003,3714407
1/15/18,64.43,64.889999,62.849998,63.369999,63.369999,1659370
1/22/18,63.610001,66.660004,63.169998,66.139999,66.139999,3625080
1/29/18,66.18,66.459999,63.669998,65.449997,65.449997,3501128
2/5/18,65.099998,65.400002,58.07,59.200001,59.200001,4581170
2/12/18,59.119999,61.990002,58.200001,61.68,61.68,2489421
2/19/18,61.630001,63.73,60.75,63.549999,63.549999,2314605
2/26/18,63.599998,64.239998,60.130001,61.25,61.25,3226951
3/5/18,61.549999,63.279999,59.950001,62.040001,62.040001,3493570
3/12/18,62.099998,62.540001,60.110001,62.34,62.34,2583439
3/19/18,62.23,66,61.360001,65.879997,65.879997,3039605
3/26/18,65.900002,66.550003,63.720001,64.940002,64.940002,2517207
4/2/18,64.910004,65.419998,61.810001,62.060001,62.060001,3212486
4/9/18,62,67.760002,61.93,67.389999,67.389999,3770799
4/16/18,67.239998,69.559998,65.559998,68.379997,68.379997,2118715
4/23/18,68.220001,69.379997,67.110001,68.099998,68.099998,3540384
4/30/18,68.150002,69.970001,66.849998,69.720001,69.720001,3621419
5/7/18,69.849998,71.889999,67.629997,70.699997,70.699997,4259821
5/14/18,70.540001,72.300003,70.260002,71.279999,71.279999,2756818
5/21/18,71.470001,72.830002,67.419998,67.879997,67.879997,3142220
5/28/18,66.489998,68.669998,65.510002,65.809998,65.809998,3485302
6/4/18,65.709999,66.239998,64.220001,65.739998,65.739998,3365818
6/11/18,65.559998,67.160004,64.290001,65.059998,65.059998,2681849
6/18/18,64.400002,69.379997,63.59,68.580002,68.580002,3040155
6/25/18,68.75,74.459999,67.720001,74.150002,74.150002,3759645
7/2/18,73.620003,75.269997,72.139999,73.800003,73.800003,2772453
7/9/18,73.870003,74.699997,69.230003,71.010002,71.010002,3219722
7/16/18,70.519997,71.099998,67.029999,70.459999,70.459999,1762707
7/23/18,68.169998,69.919998,67.559998,68.690002,68.690002,2652928
7/30/18,69.010002,70.43,66.919998,68.489998,68.489998,2566328
8/6/18,68.650002,69.919998,66.139999,67.629997,67.629997,2774836
8/13/18,67.779999,68.370003,64.43,65.910004,65.910004,2244959
8/20/18,65.910004,69.309998,65.589996,68.720001,68.720001,2100258
8/27/18,68.57,70.5,68.209999,69.800003,69.800003,2121863
9/3/18,70.120003,71.400002,66.860001,67.75,67.75,2492804
9/10/18,67.82,71.260002,67.330002,68.989998,68.989998,3344598
9/17/18,68.93,71.809998,68.529999,70.779999,70.779999,2245167
9/24/18,71.139999,73.730003,71.139999,73.25,73.25,2591233
10/1/18,73.290001,76.900002,72.949997,74.339996,74.339996,3065050
10/8/18,74.400002,75.279999,70.510002,71.339996,71.339996,3241842
10/15/18,71.849998,72.699997,68.470001,69.120003,69.120003,2078845
10/22/18,69.410004,69.660004,65.739998,67.589996,67.589996,3311305
10/29/18,67.550003,67.949997,62.630001,63.139999,63.139999,3323607
11/5/18,62.990002,64.139999,59.259998,60.189999,60.189999,3823272
11/12/18,60.700001,61.279999,54.75,56.459999,56.459999,3162058
11/19/18,56.720001,57.439999,50.150002,50.419998,50.419998,3431748
11/26/18,50.619999,52.560001,49.41,50.93,50.93,3868241
12/3/18,52.450001,54.549999,50.080002,52.610001,52.610001,4096037
12/10/18,52.029999,53.27,50.349998,51.200001,51.200001,3389763
12/17/18,51.25,51.869999,45.130001,45.59,45.59,2637212
12/24/18,45.450001,47,42.360001,45.330002,45.330002,2344242
12/31/18,45.220001,49.220001,44.349998,47.959999,47.959999,2933445
1/7/19,48.299999,53.310001,48.110001,51.59,51.59,4111963
1/14/19,51.73,53.919998,50.380001,53.799999,53.799999,2631551
1/21/19,53.73,54.240002,51.799999,53.689999,53.689999,2961824
1/28/19,53.560001,55.66,51.330002,55.259998,55.259998,3450722
2/4/19,55.32,55.75,51.799999,52.720001,52.720001,3208961
2/11/19,52.66,55.869999,51.23,55.59,55.59,3065559
2/18/19,55.779999,57.810001,55.290001,57.259998,57.259998,1898480
2/25/19,57.169998,57.880001,55.02,55.799999,55.799999,3020022
3/4/19,55.830002,57.189999,54.52,56.07,56.07,3101654
3/11/19,56.07,58.950001,55.959999,58.52,58.52,2935567
3/18/19,58.450001,60.389999,58.049999,59.040001,59.040001,2452625
3/25/19,58.98,60.73,58.169998,60.139999,60.139999,3541305
4/1/19,60.240002,63.34,60.130001,63.080002,63.080002,3635542
4/8/19,63.330002,64.790001,63.130001,63.889999,63.889999,3794752
4/15/19,63.759998,64.610001,62.990002,64,64,1486941
4/22/19,64,66.599998,62.279999,63.299999,63.299999,3746348
4/29/19,62.950001,64.75,60.950001,61.939999,61.939999,3642969
5/6/19,61.43,62.950001,60.040001,61.66,61.66,3959466
5/13/19,61.650002,63.639999,60.639999,62.759998,62.759998,3239256
5/20/19,63.529999,63.810001,57.330002,58.630001,58.630001,3406447
5/27/19,58.939999,59.700001,53.049999,53.5,53.5,4019051
6/3/19,53.419998,54.630001,50.599998,53.990002,53.990002,4377319
6/10/19,54.240002,54.84,50.720001,52.509998,52.509998,3635444
6/17/19,52.5,57.98,51.5,57.43,57.43,2232907
6/24/19,57.720001,59.93,56.75,58.470001,58.470001,3044627
7/1/19,59.27,60.279999,56.040001,57.509998,57.509998,2851971
7/8/19,57.77,60.939999,57.290001,60.209999,60.209999,2825437
7/15/19,60.25,60.919998,54.720001,55.630001,55.630001,2104368
7/22/19,56.220001,57.639999,55.330002,56.200001,56.200001,2922674
7/29/19,56.200001,58.82,53.59,55.66,55.66,3317702
8/5/19,55.380001,55.610001,50.52,54.5,54.5,4021000
8/12/19,54.32,57.470001,53.540001,54.869999,54.869999,2809017
8/19/19,54.959999,57.130001,53.240002,54.169998,54.169998,2905588
8/26/19,53.25,56.889999,52.959999,55.099998,55.099998,3288722
9/2/19,55,57.759998,52.84,56.52,56.52,3079862
9/9/19,56.799999,58.759998,54,54.849998,54.849998,3706684
9/16/19,61.48,63.380001,57.669998,58.09,58.09,3303460
9/23/19,59.25,59.389999,54.75,55.91,55.91,2994483
9/30/19,56.540001,56.57,50.990002,52.810001,52.810001,2895574
10/7/19,52.689999,54.93,51.380001,54.700001,54.700001,2921596
10/14/19,54.900002,54.900002,52.389999,53.779999,53.779999,2023434
10/21/19,53.709999,56.740002,52.709999,56.66,56.66,2148538
10/28/19,56.650002,56.919998,53.709999,56.200001,56.200001,2833341
11/4/19,56.41,57.880001,55.759998,57.240002,57.240002,2954033
11/11/19,57.400002,57.970001,56.200001,57.720001,57.720001,2526009
11/18/19,57.880001,58.740002,54.759998,57.77,57.77,2057210
11/25/19,57.919998,58.68,55.02,55.169998,55.169998,2037438
12/2/19,55.470001,59.849998,55.349998,59.200001,59.200001,3266588
12/9/19,59.110001,60.48,58.110001,60.07,60.07,2711172
12/16/19,59.869999,61.470001,59.709999,60.439999,60.439999,1621068
12/23/19,60.41,61.970001,60.099998,61.720001,61.720001,1136236
12/30/19,61.709999,64.089996,60.630001,63.049999,63.049999,2294418
1/6/20,63.709999,65.650002,58.66,59.040001,59.040001,3859714
1/13/20,59.040001,59.27,57.360001,58.540001,58.540001,1830317
1/20/20,59.169998,59.73,53.849998,54.189999,54.189999,2558644
1/27/20,53.700001,54.369999,50.970001,51.560001,51.560001,3519852
2/3/20,51.009998,52.200001,49.310001,50.32,50.32,4142351
2/10/20,50.119999,52.34,49.419998,52.049999,52.049999,3589626
2/17/20,52.23,54.5,50.880001,53.380001,53.380001,1719191
2/24/20,52.599998,52.639999,43.849998,44.759998,44.759998,4528560
3/2/20,43.700001,48.66,41.049999,41.279999,41.279999,4688031
3/9/20,32.869999,36.349998,27.34,31.73,31.73,5481826
3/16/20,33.75,33.75,19.459999,22.43,22.43,2824660
3/23/20,22.52,25.24,20.799999,21.51,21.51,3368374
3/30/20,20.93,29.129999,19.27,28.34,28.34,4225628
4/6/20,26.09,28.360001,22.57,22.76,22.76,3496120
4/13/20,24.6,24.74,17.309999,18.27,18.27,2696965
4/20/20,17.73,18.26,-40.32,16.940001,16.940001,5205199
4/27/20,16.84,20.48,10.07,19.780001,19.780001,3022967
5/4/20,19.110001,26.74,18.049999,24.74,24.74,1595335
5/11/20,24.49,29.92,23.67,29.43,29.43,811313
5/18/20,29.530001,34.66,29.530001,33.25,33.25,1728480
5/25/20,33.299999,35.77,31.139999,35.490002,35.490002,1765798
6/1/20,35.209999,39.68,34.27,39.549999,39.549999,1927914
6/8/20,39.41,40.439999,34.48,36.259998,36.259998,2118960
6/15/20,36.029999,40.490002,34.360001,39.75,39.75,1170882
6/22/20,39.18,41.630001,37.080002,38.490002,38.490002,1991836
6/29/20,37.959999,40.740002,37.5,40.650002,40.650002,1468238
7/6/20,40.380001,41.080002,38.540001,40.549999,40.549999,1677107
7/13/20,40.349998,41.259998,39.07,40.59,40.59,1438549
7/20/20,40.639999,42.400002,39.830002,41.290001,41.290001,1525514
7/27/20,41.259998,41.93,38.720001,40.27,40.27,1756486
8/3/20,40.389999,43.52,39.580002,41.220001,41.220001,2039776
8/10/20,41.5,42.939999,41.169998,42.009998,42.009998,1838843
8/17/20,42.240002,43.029999,41.459999,42.34,42.34,1123794
8/24/20,42.48,43.779999,42.23,42.970001,42.970001,1481542
8/31/20,42.91,43.57,39.349998,39.77,39.77,1805612
9/7/20,39.48,39.59,36.130001,37.330002,37.330002,1907673
9/14/20,37.32,41.490002,36.82,41.110001,41.110001,1430611
9/21/20,40.98,41.27,38.66,40.25,40.25,1171773
9/28/20,40.07,40.799999,36.630001,37.049999,37.049999,1781188
10/5/20,37,41.470001,37,40.599998,40.599998,1953665
10/12/20,40.400002,41.290001,39.040001,40.880001,40.880001,1370539
10/19/20,40.689999,41.700001,39.57,39.849998,39.849998,1379233
10/26/20,39.689999,39.830002,34.919998,35.790001,35.790001,2147460
11/2/20,35.240002,39.349998,33.639999,37.139999,37.139999,2046207
11/9/20,37.34,43.060001,37.16,40.130001,40.130001,2262956
11/16/20,40.169998,42.459999,40.150002,42.150002,42.150002,1093959
11/23/20,42.459999,46.259998,42.290001,45.529999,45.529999,1501554
11/30/20,45.34,46.68,43.919998,46.259998,46.259998,1740749
12/7/20,46.150002,47.740002,44.950001,46.57,46.57,1931322
12/14/20,46.73,49.279999,45.689999,49.099998,49.099998,1170290
12/21/20,48.540001,48.619999,46.16,48.23,48.23,1285531
12/28/20,48.23,48.959999,47.5,48.52,48.52,901091
1/4/21,48.400002,52.75,47.18,52.240002,52.240002,2549789
1/11/21,52.580002,53.93,51.5,52.360001,52.360001,1780675
1/18/21,52,53.790001,51.439999,52.27,52.27,1316146
1/25/21,52.169998,53.580002,51.82,52.200001,52.200001,1928310
2/1/21,51.990002,57.290001,51.639999,56.849998,56.849998,2110715
2/8/21,57.060001,59.82,57,59.470001,59.470001,2233224
2/15/21,59.98,62.259998,58.59,59.240002,59.240002,1172213
2/22/21,58.880001,63.810001,58.82,61.5,61.5,2549463
3/1/21,61.950001,66.419998,59.240002,66.089996,66.089996,2653919
3/8/21,66.68,67.980003,63.130001,65.610001,65.610001,2349205
3/15/21,65.559998,66.400002,58.200001,61.419998,61.419998,1178038
3/22/21,61.549999,61.900002,57.25,60.970001,60.970001,2735079
3/29/21,60.93,62.27,58.849998,61.450001,61.450001,2462844
4/5/21,61.5,61.5,57.630001,59.32,59.32,2143098
4/12/21,59.349998,63.880001,58.73,63.130001,63.130001,1510929
4/19/21,62.98,64.25,60.610001,62.139999,62.139999,1672023
4/26/21,62.060001,65.470001,60.66,63.580002,63.580002,1901088
5/3/21,63.639999,66.760002,62.91,64.900002,64.900002,1936874
5/10/21,65.57,66.629997,63.09,65.370003,65.370003,2567187
5/14/21,63.830002,65.620003,63.330002,65.510002,65.510002,356176